{
    "algorithm_name": "GeneticAlgorithm",
    "config_name": "GA_Hybrid_Optimized",
    "run_id": "be0fca32-113f-4cb7-aedf-c703437d936b",
    "metrics": {
        "best_fitness": 91.93226287330663,
        "runtime_seconds": 46.047782549998416,
        "iterations": 5634,
        "function_evaluations": 61974,
        "convergence_rate": 0.17856707672306485,
        "solution_stability": 4.436789084706667,
        "best_fitness_history": [
            118.98754592627579,
            119.9274696647383,
            117.77317630124837,
            116.58462718423965,
            116.20873154377283,
            117.4866742312619,
            118.37206686544624,
            116.63448263157008,
            116.33521730035366,
            117.42267262345311,
            116.02671506361293,
            115.31710171333451,
            118.30037444140463,
            115.99670420062961,
            118.03706738303333,
            115.66883471463406,
            116.11081912266313,
            116.29468623070068,
            115.21896937079089,
            114.78791489479198,
            113.19970820648699,
            115.50933961976897,
            113.72691934277331,
            112.42762974946783,
            112.59679990777705,
            113.56704621012794,
            112.06400946409435,
            112.14380090300195,
            113.03020326539257,
            109.4696106153771,
            109.95170818647486,
            110.85578686335305,
            111.66249775395056,
            108.44021657217118,
            107.94603396287398,
            108.68327659815161,
            107.94169873037866,
            108.47503263304786,
            104.8325479541547,
            107.63426149484766,
            104.86615157500367,
            105.269509995521,
            104.32493059638362,
            101.34251410045422,
            101.5846608489676,
            102.08011385661234,
            101.48877273766622,
            98.89414940348745,
            97.19584836355423,
            95.94183537933328,
            90.67385130206483,
            88.02595614026883,
            86.17144783232575,
            91.93226287330663
        ],
        "parameters": {
            "param1": "B",
            "param2": 3
        },
        "generations": 5634,
        "population_size": 89,
        "crossover_success_rate": 0.6111950310866799,
        "mutation_impact": 0.028620708453841133,
        "selection_pressure": 1.5520643526157887,
        "population_diversity": [
            0.27160507354210484,
            0.4138996739050901,
            0.11859643798253165,
            0.6872562569762154,
            0.5834446892490646,
            0.34266753176905357,
            0.44495703488720617,
            0.41641973813793154,
            0.4850962649167113,
            0.21162608761876117,
            0.5445131577303254,
            0.6170036142513418,
            0.5712935606136499,
            0.157424650691161,
            0.5587490649881197,
            0.20226769077480872,
            0.13220862410105555,
            0.626010271510036,
            0.2617504422889775,
            0.7570170604537816,
            0.31650967615501846,
            0.6199123424064441,
            0.6218341902843977,
            0.13147106481872958,
            0.5565651529949869,
            0.6514987559831688,
            0.28207055913821566,
            0.5845261897939774,
            0.3023077478265653,
            0.1346641075632759,
            0.4632256456795639,
            0.787910787685884,
            0.58853599061264,
            0.4344150476638027,
            0.6688836625806952,
            0.3231917020805923,
            0.6120984772528686,
            0.36413389738078816,
            0.6431208361191324,
            0.12884259431121284,
            0.3353769901044391,
            0.6519914396474371,
            0.4339412173990781,
            0.6951341188503618,
            0.7908382690726369,
            0.42820749801949964,
            0.22954331055443547,
            0.1612371448160877,
            0.35815250354904526,
            0.5739740167230927,
            0.6704050557179062,
            0.6388134527916215,
            0.7723850339502539,
            0.6003972387545403
        ]
    },
    "raw_data": {
        "fitness_history": [
            118.98754592627579,
            119.9274696647383,
            117.77317630124837,
            116.58462718423965,
            116.20873154377283,
            117.4866742312619,
            118.37206686544624,
            116.63448263157008,
            116.33521730035366,
            117.42267262345311,
            116.02671506361293,
            115.31710171333451,
            118.30037444140463,
            115.99670420062961,
            118.03706738303333,
            115.66883471463406,
            116.11081912266313,
            116.29468623070068,
            115.21896937079089,
            114.78791489479198,
            113.19970820648699,
            115.50933961976897,
            113.72691934277331,
            112.42762974946783,
            112.59679990777705,
            113.56704621012794,
            112.06400946409435,
            112.14380090300195,
            113.03020326539257,
            109.4696106153771,
            109.95170818647486,
            110.85578686335305,
            111.66249775395056,
            108.44021657217118,
            107.94603396287398,
            108.68327659815161,
            107.94169873037866,
            108.47503263304786,
            104.8325479541547,
            107.63426149484766,
            104.86615157500367,
            105.269509995521,
            104.32493059638362,
            101.34251410045422,
            101.5846608489676,
            102.08011385661234,
            101.48877273766622,
            98.89414940348745,
            97.19584836355423,
            95.94183537933328,
            90.67385130206483,
            88.02595614026883,
            86.17144783232575,
            91.93226287330663
        ],
        "population_diversity": [
            0.27160507354210484,
            0.4138996739050901,
            0.11859643798253165,
            0.6872562569762154,
            0.5834446892490646,
            0.34266753176905357,
            0.44495703488720617,
            0.41641973813793154,
            0.4850962649167113,
            0.21162608761876117,
            0.5445131577303254,
            0.6170036142513418,
            0.5712935606136499,
            0.157424650691161,
            0.5587490649881197,
            0.20226769077480872,
            0.13220862410105555,
            0.626010271510036,
            0.2617504422889775,
            0.7570170604537816,
            0.31650967615501846,
            0.6199123424064441,
            0.6218341902843977,
            0.13147106481872958,
            0.5565651529949869,
            0.6514987559831688,
            0.28207055913821566,
            0.5845261897939774,
            0.3023077478265653,
            0.1346641075632759,
            0.4632256456795639,
            0.787910787685884,
            0.58853599061264,
            0.4344150476638027,
            0.6688836625806952,
            0.3231917020805923,
            0.6120984772528686,
            0.36413389738078816,
            0.6431208361191324,
            0.12884259431121284,
            0.3353769901044391,
            0.6519914396474371,
            0.4339412173990781,
            0.6951341188503618,
            0.7908382690726369,
            0.42820749801949964,
            0.22954331055443547,
            0.1612371448160877,
            0.35815250354904526,
            0.5739740167230927,
            0.6704050557179062,
            0.6388134527916215,
            0.7723850339502539,
            0.6003972387545403
        ]
    }
}