{
    "algorithm_name": "GeneticAlgorithm",
    "config_name": "GA_Hybrid_Optimized",
    "run_id": "1c5f494b-5e21-4430-916b-1918f5740784",
    "metrics": {
        "best_fitness": 99.4322198010621,
        "runtime_seconds": 49.980014267976244,
        "iterations": 8206,
        "function_evaluations": 771364,
        "convergence_rate": 0.38489451830067756,
        "solution_stability": 3.560459324489901,
        "best_fitness_history": [
            99.9185990351085,
            98.80547399801472,
            98.7123549702802,
            99.30637223710156,
            99.7662574785461,
            100.79832151282939,
            99.38892350278527,
            99.01523807590833,
            100.14064027292952,
            97.79169757116554,
            100.54750493919158,
            99.2320119814554,
            98.90411832940813,
            99.96710300569482,
            99.93528365208473,
            99.81012758401141,
            97.84639734230878,
            98.99433275703578,
            100.15803322097466,
            99.74277891958552,
            97.10139157542234,
            96.22530567386934,
            97.40040709846183,
            99.58531261557806,
            98.0905061856945,
            97.14835471068228,
            97.6188363322272,
            96.65261152456186,
            97.50984278253087,
            96.01694973199997,
            98.67379908469829,
            97.81791838578135,
            98.10871482646495,
            95.13796436516604,
            95.9390924013369,
            94.83777801098977,
            98.13166999039632,
            97.97271932912565,
            96.11198743670761,
            94.31419857088072,
            96.24885536761498,
            97.48603285349775,
            94.04802148138099,
            96.25504974041655,
            97.01193733324814,
            96.13342224738118,
            93.79719811206715,
            94.0508630133657,
            92.92706960514484,
            94.65907393526692,
            95.68560086604103,
            93.50376884433445,
            93.62545594834977,
            95.33553450480419,
            91.9819683103712,
            94.55956157303629,
            94.49489469560179,
            92.89464659462016,
            92.43193938106043,
            93.27738107334514,
            94.71186366539838,
            91.04858040499367,
            90.89403454165449,
            90.77601980718006,
            92.21226420616874,
            92.57221527516582,
            92.26545306202925,
            88.8698080709211,
            89.77018629887407,
            89.55710784364187,
            92.00524742969769,
            88.49227979001255,
            91.20677086544848,
            89.95049970744606,
            88.35884570625093,
            90.4499625412881,
            88.8938522402848,
            90.35354820926565,
            90.56759206713593,
            86.71369041876596,
            85.98348299886497,
            87.61551381688798,
            89.04687840386566,
            86.9265738862808,
            86.50081865909358,
            85.65989731943792,
            87.78228084696461,
            86.52856295262478,
            84.08617524187399,
            84.77042760940745,
            84.90568302738733,
            83.05774189968193,
            82.58338065288049,
            82.02071803785938,
            81.82715128757256,
            81.02567660841714,
            82.35042578816358,
            77.28313370743722,
            79.70186819639314,
            78.41217693491392,
            78.96578024169142,
            75.49919194995138,
            99.4322198010621
        ],
        "parameters": {
            "param1": "A",
            "param2": 5
        },
        "generations": 8206,
        "population_size": 61,
        "crossover_success_rate": 0.9317568699847288,
        "mutation_impact": 0.03670129899255153,
        "selection_pressure": 1.8645438042065023,
        "population_diversity": [
            0.34814119471684246,
            0.6625138098216441,
            0.37945344894814526,
            0.5335929969920452,
            0.19638661003044422,
            0.26971022849717935,
            0.46396164929901684,
            0.47356133876932305,
            0.13740919571509172,
            0.573761079842604,
            0.45944615392766897,
            0.3132099341468928,
            0.3999497589946176,
            0.23386206850993752,
            0.16887367412299958,
            0.6135534156862678,
            0.43967256786921505,
            0.39259374766999533,
            0.5642562777073526,
            0.40612177817685025,
            0.24561585105474434,
            0.48335592972642616,
            0.7325696237104065,
            0.7656635591914932,
            0.5041793920264668,
            0.44443064092739326,
            0.48701527513293796,
            0.4308148795103305,
            0.6688216085337068,
            0.7107932036707346,
            0.2009162919530602,
            0.7609351107912593,
            0.30161151628650906,
            0.656981217396485,
            0.2456591146416656,
            0.47741848334727666,
            0.4242458741880919,
            0.7761595111046293,
            0.3099186206416284,
            0.6961431039905887,
            0.7162481980094889,
            0.23882842341995225,
            0.4571214654242628,
            0.272977540058559,
            0.10815362723462867,
            0.3116451341209873,
            0.4225255439424729,
            0.4086977324153681,
            0.23830505395200552,
            0.23641562397173477,
            0.2595374620229347,
            0.4111178670546425,
            0.10642153032656722,
            0.7493676399099195,
            0.6136967016800888,
            0.4111240386483842,
            0.4805662300751261,
            0.6498034382747924,
            0.2976809632959915,
            0.7025779842947826,
            0.21011338908141686,
            0.3010869102330962,
            0.538993282661144,
            0.31557697559568665,
            0.7100006535740023,
            0.10181039522301187,
            0.1943065102208849,
            0.41489455808430586,
            0.3459413093862721,
            0.198378637151906,
            0.38449144332713037,
            0.13022689460823123,
            0.3697450983214118,
            0.1998243059139415,
            0.47654813917283734,
            0.6042039871898073,
            0.5257947148413076,
            0.6554928388486787,
            0.13542906680665157,
            0.4958772637803367,
            0.7556081470343573,
            0.47549671371219016,
            0.11898519584513473,
            0.3560347171544441,
            0.526597534946534,
            0.1337708109412205,
            0.4333167147745417,
            0.28749587829064716,
            0.2628331234609079,
            0.680426966457204,
            0.5803406550465604,
            0.28279605074085506,
            0.10041390038786119,
            0.15297826642157125,
            0.1422789613044962,
            0.46224443458253317,
            0.6682420191452407,
            0.7761815702275277,
            0.33418194516048233,
            0.5056406461317752,
            0.20928370544627437,
            0.5367968629020494,
            0.7643307474762394
        ]
    },