{
    "algorithm_name": "GeneticAlgorithm",
    "config_name": "GA_Ranking_Uniform",
    "run_id": "eaa146ec-2d91-41c6-94dc-360220aa1702",
    "metrics": {
        "best_fitness": 75.33266881320915,
        "runtime_seconds": 17.077043456212472,
        "iterations": 4760,
        "function_evaluations": 414120,
        "convergence_rate": 0.3087523804398477,
        "solution_stability": 1.0328731543128962,
        "best_fitness_history": [
            92.3336764967355,
            91.12604670269066,
            93.65541444843122,
            93.17185485855013,
            93.54816764777719,
            90.60141863073099,
            93.6495604288059,
            93.57001158058745,
            94.04535259279542,
            92.0423646715282,
            93.52314402294866,
            91.13752452169739,
            90.6687734252571,
            90.02960147337004,
            91.20808877450307,
            90.55392107535906,
            90.75186698543374,
            90.65012786439013,
            91.38725012431232,
            90.27351323090024,
            93.12708569719172,
            92.63424241400784,
            93.04741693113229,
            93.38216640269417,
            91.46442113107136,
            91.4120395628833,
            89.99670469063078,
            90.11672323626625,
            91.20692013968707,
            90.1908046895287,
            92.02946870526884,
            91.14140551231874,
            90.80313577171103,
            90.61815950634343,
            91.59023194093928,
            91.31891779961798,
            89.16374540212988,
            92.580129716276,
            89.78556434656919,
            90.07084895899418,
            92.36394412755479,
            92.14052387120172,
            91.73466636982671,
            92.09038579206236,
            90.89906998721743,
            90.37539613894201,
            88.4535556219967,
            89.68046509034909,
            90.71109309483373,
            89.70476330807453,
            90.56559507164711,
            88.53392659418029,
            88.34064430166836,
            90.28115046513778,
            87.72778279550964,
            87.77668445458839,
            89.0676552940884,
            89.31748352775625,
            90.25075739457525,
            86.29914294289449,
            88.95732600719926,
            87.88150152101433,
            87.02912679148288,
            88.6293113801519,
            87.79637030347429,
            87.80633650301897,
            87.44575219132335,
            87.75697031587339,
            86.57983006053264,
            88.32860605873398,
            86.7564610649951,
            86.72308521556147,
            86.41704622197622,
            88.08119826488438,
            87.4655305651117,
            86.11221250253413,
            87.74023790536242,
            86.89583688373833,
            87.34313615416148,
            87.60956416093784,
            83.34079318507894,
            86.12664674631681,
            86.05631586363401,
            83.65828185156843,
            85.38933294520767,
            84.8994229244454,
            82.63232679803272,
            84.12673900303221,
            83.93466253022322,
            84.54275282709435,
            83.99823434354937,
            81.51164769247782,
            80.54497326428549,
            80.52765413381357,
            80.3373896296285,
            80.4887735802534,
            79.51848214140797,
            82.06640951043936,
            78.47024353116838,
            77.81391348363206,
            78.39560575526437,
            76.55983754586806,
            76.34986282575103,
            77.38740442518198,
            78.56874240488024,
            76.71334019350428,
            75.8096518735648,
            76.38495383018794,
            77.1360891655128,
            73.94743759973746,
            75.06183594798357,
            73.4100330877274,
            74.13669597693116,
            73.47551866180164,
            74.5001139827267,
            72.86430317126516,
            73.11693962805202,
            72.03164523582886,
            69.35037188557,
            65.9366217125863,
            67.81422268866653,
            75.33266881320915
        ],
        "parameters": {
            "param1": "B",
            "param2": 1
        },
        "generations": 4760,
        "population_size": 145,
        "crossover_success_rate": 0.9036452388093459,
        "mutation_impact": 0.09259268033363761,
        "selection_pressure": 1.9009531772436117,