{
    "algorithm_name": "GeneticAlgorithm",
    "config_name": "GA_Ranking_Uniform",
    "run_id": "a4388318-69f9-47d4-94cb-abac222b31e9",
    "metrics": {
        "best_fitness": 90.62779023053491,
        "runtime_seconds": 115.98176616234011,
        "iterations": 3475,
        "function_evaluations": 170275,
        "convergence_rate": 0.33255675335082846,
        "solution_stability": 2.948839208654583,
        "best_fitness_history": [
            112.53725695985855,
            111.86419916756836,
            112.61288649985781,
            113.75895407977534,
            112.38940572961748,
            112.06089030065598,
            110.45077083711828,
            110.29384370625722,
            111.11068445661348,
            112.86219967381713,
            113.77064823294181,
            112.6367481772899,
            111.71632000206445,
            111.53526041344955,
            112.37838879330992,
            111.4020805257926,
            111.11024137812937,
            110.8983991518198,
            113.1150843285133,
            111.51315234274246,
            112.94210852595918,
            112.56171253942377,
            112.41338108388452,
            110.19286577849488,
            110.03233290904649,
            111.92333529871807,
            111.70628373012089,
            110.16757076829172,
            108.83168804272587,
            110.36861611537446,
            108.93597234226834,
            111.80816869040515,
            109.26336921177676,
            110.1661428158601,
            109.88819310219861,
            111.29570567348058,
            110.59622031067224,
            108.01458971298325,
            110.52791775159659,
            109.34436726263401,
            110.188689159836,
            108.11762745701523,
            108.36351944572036,
            109.77718659817538,
            107.90307403496699,
            108.88555206438234,
            108.01532678957729,
            109.46351587182119,
            107.98618678975575,
            110.5457769157663,
            110.06415148602343,
            107.58872900140094,
            105.95433921659689,
            109.28315162038022,
            106.10392291914329,
            107.86177668713913,
            107.7687334643079,
            106.27945319632373,
            106.48894668265142,
            107.34365402685876,
            107.65123338063201,
            107.40777193659173,
            106.01233767388892,
            105.68873438739145,
            106.01323994958695,
            105.88107760670323,
            105.23172737505841,
            103.20754855079097,
            105.4011862190568,
            104.12614485901669,
            103.95065388506029,
            103.86877957855509,
            103.38363650870174,
            103.04336976287827,
            102.37312723549549,
            102.20227505617913,
            103.37584959805677,
            102.6651259370423,
            101.84469978369583,
            100.86815108842346,
            101.97713037321293,
            101.26575639346817,
            100.53706722224071,
            103.16975091652594,
            100.73424240137547,
            100.70232119456887,
            99.5056831622101,
            101.00430008994783,
            101.52105167870836,
            99.79653178727861,
            98.76376981614315,
            100.33441948569427,
            99.15519264766547,
            96.97753115893978,
            98.54845654971997,
            99.70043830367712,
            97.04973893617624,
            99.62459382802628,
            98.94923122666738,
            97.85271652740428,
            96.13833200074289,
            96.20803581089525,
            96.42427488214479,
            98.76084626916293,
            98.59951969809579,
            95.06943056859772,
            95.21629262935971,
            94.23527602095024,
            93.47991744297785,
            95.29970448869194,
            92.26989754375421,
            94.757240116351,
            93.12268536611691,
            92.82679554130421,
            89.80690719798885,
            90.1269055697307,
            89.42739434957402,
            88.60937807170471,
            90.1060588232953,
            87.67932266070046,
            84.76375669795374,
            85.13633775620195,
            83.5358682006105,
            81.51036906625046,
            90.62779023053491
        ],
        "parameters": {
            "param1": "B",
            "param2": 8
        },
        "generations": 3475,
        "population_size": 118,
        "crossover_success_rate": 0.7556631001745313,
        "mutation_impact": 0.05512339009236899,
        "selection_pressure": 1.9415016181297517,