{
    "algorithm_name": "GeneticAlgorithm",
    "config_name": "GA_TwoPointCrossover_Test",
    "run_id": "76bb0496-dee3-48a0-a320-a22e363a3621",
    "metrics": {
        "best_fitness": 68.01615581619816,
        "runtime_seconds": 84.72611667371234,
        "iterations": 3386,
        "function_evaluations": 257336,
        "convergence_rate": 0.30427133556714625,
        "solution_stability": 1.8103616946207786,
        "best_fitness_history": [
            71.78498263625077,
            72.8826132407415,
            70.9825782571368,
            73.64149374392288,
            72.81074555799309,
            71.52941869821844,
            71.6259487024245,
            69.83058894456272,
            72.99174555158055,
            71.9087227176862,
            69.23675985435284,
            71.56463582177373,
            72.44057916170539,
            71.24107530101912,
            72.75743840761535,
            72.10003783024855,
            71.9005879760495,
            70.47572554003018,
            70.7629731258362,
            71.33331795584684,
            69.25824278119448,
            69.1276488740077,
            70.86954356467618,
            71.21725250753761,
            68.565630160347,
            68.55929542663102,
            71.2025708004733,
            70.05753718280961,
            68.46265116428019,
            68.93162434369161,
            68.98657053339697,
            67.46476972187969,
            67.8999501239303,
            70.4116536233425,
            68.08848338050862,
            70.53894718787389,
            70.39447595986451,
            69.03455137824295,
            69.6180308989625,
            66.90923038500338,
            70.22101336729021,
            68.15290104262014,
            67.0100836521176,
            68.67222767124176,
            68.67603718954996,
            66.9206725667273,
            69.90195333830235,
            68.85286268245763,
            69.58012199067632,
            67.79727771723245,
            67.82111386032598,
            68.7993912146557,
            66.70361302590318,
            67.20133517194778,
            69.24154325498709,
            68.71154515503738,
            69.0144727613734,
            69.15266556172526,
            65.31660617695177,
            69.10409940286517,
            67.8205278603612,
            65.87433536435469,
            67.60197111547738,
            65.46660504089608,
            65.75022831329775,
            67.18659615210628,
            66.78285266113173,
            65.40568971467096,
            66.46831972105369,
            65.3924761413133,
            67.5743665412436,
            65.33309147567103,
            66.06814616871063,
            66.38566790527192,
            63.90899262127987,
            64.4250397821276,
            64.59476835457356,
            63.79868716212468,
            63.356982090251414,
            65.20606272461569,
            62.09905093315179,
            64.02786019883845,
            65.36288133985364,
            63.298779560277204,
            62.45148148018156,
            64.45193556448336,
            63.66671246614313,
            63.80620336508125,
            61.2021244259555,
            61.28967945008791,
            60.04082702003422,
            59.28331898572518,
            61.224792863118665,
            62.382146725408155,
            60.26908508380889,
            60.25532426931477,
            61.59853099691784,
            59.861965731083174,
            60.52259756365148,
            61.150062534616154,
            59.228027312357604,
            59.28465543429688,
            59.18887384492688,
            59.09694252444943,
            56.88318048859781,
            56.57339975623909,
            57.060309868518736,
            56.833447867234455,
            55.98842053414296,
            55.601938365644074,
            57.71656360958698,
            57.641240791603614,
            54.39286844956154,
            53.79766575284081,
            54.10410317987853,
            52.854816234421584,
            50.759403073701236,
            68.01615581619816
        ],
        "parameters": {
            "param1": "B",
            "param2": 5
        },
        "generations": 3386,
        "population_size": 125,
        "crossover_success_rate": 0.7505636828048265,
        "mutation_impact": 0.02352792466204827,
        "selection_pressure": 1.9247176319453225,