{
    "algorithm_name": "GeneticAlgorithm",
    "config_name": "GA_TwoPointCrossover_Test",
    "run_id": "f820dd5f-db69-4a3d-adb5-99e647946732",
    "metrics": {
        "best_fitness": 44.69526621021154,
        "runtime_seconds": 87.9134216714543,
        "iterations": 9856,
        "function_evaluations": 522368,
        "convergence_rate": 0.04526048753529559,
        "solution_stability": 4.086836646371487,
        "best_fitness_history": [
            60.161541737400405,
            58.42167927706338,
            59.728130940090146,
            58.217838523481014,
            59.634994631938135,
            60.40640072444997,
            58.949976913385015,
            61.510922680839826,
            58.96455303104105,
            61.3348170093346,
            59.51794054110564,
            60.76777222355603,
            58.146955368376254,
            61.26373854049503,
            58.28365048228876,
            59.527041659728134,
            58.08896593326162,
            60.74462330836833,
            59.68608323233257,
            60.51673221126418,
            58.50158839851597,
            61.617943662839004,
            60.141827372506505,
            59.3127721917765,
            57.89323394115449,
            60.76252519401478,
            61.00539994123211,
            57.42695839378753,
            59.4002038645872,
            57.65095009170977,
            60.38478557984206,
            57.477815538170596,
            59.01008286288198,
            58.84939435903068,
            59.83725000934434,
            57.36494925164046,
            59.8087548336617,
            57.770249971819574,
            60.03055490316274,
            60.41249204095027,
            56.7909194488271,
            59.032239305153375,
            57.27323574737065,
            57.749559459090484,
            58.688893473414794,
            59.04768797378326,
            56.91225281137222,
            56.88510185779864,
            56.49033236334363,
            59.942477726865924,
            59.695936667955955,
            59.067730702103916,
            57.302118689836476,
            56.450282703266154,
            56.15895454152825,
            56.182542775793365,
            55.79902277181,
            56.00291696761648,
            55.6581529075234,
            56.49207655660679,
            56.31256010765063,
            55.322291569991414,
            58.63744136297699,
            58.37935521429226,
            55.46954979826739,
            55.32667440101946,
            55.24179050496917,
            57.91897009169675,
            55.546858819242075,
            56.52066302076976,
            55.17391499445659,
            55.47189859348647,
            57.37185944353651,
            57.01565735403892,
            55.068771991542704,
            54.87948417125184,
            58.03862324806636,
            55.66831988131206,
            57.38665387124962,
            55.00553975975498,
            56.28614166672669,
            54.20175477670405,
            57.766382490237426,
            56.900323911797415,
            55.800032316341735,
            55.02404238045091,
            56.54103953318157,
            55.35551754506556,
            53.44328797677618,
            55.81929757175673,
            56.45234789273857,
            53.624811647534806,
            54.1492086051607,
            55.75660009448831,
            54.50083279472238,
            53.387471876733194,
            53.98667336215689,
            54.898606954240876,
            54.79386124865606,
            54.814278092214884,
            53.502106464829076,
            52.6863842228107,
            54.49296303861263,
            53.715416645959266,
            53.226560955907246,
            50.89192873001254,
            51.811582948503215,
            53.74093211931015,
            51.37926843765405,
            52.384740618761086,
            51.0365736048544,
            49.28204509329308,
            51.93538770524371,
            50.99825049828986,
            50.045450909247364,
            51.19228196734381,
            49.220591055737614,
            51.46910112299041,
            50.641350777980875,
            50.6257808668704,
            49.8245219407935,
            50.90914952620021,
            48.747645178672556,
            49.229729542518534,
            51.32680191245366,
            48.10391292823719,
            48.25831218507189,
            50.09431090056178,
            49.15447416248191,
            46.29312954035294,
            48.34696352572042,
            45.59733721821726,
            43.84783831192527,
            44.90121644465961,
            44.69526621021154
        ],
        "parameters": {
            "param1": "A",
            "param2": 9
        },
        "generations": 9856,
        "population_size": 154,
        "crossover_success_rate": 0.6378757524013509,
        "mutation_impact": 0.09711555391758839,
        "selection_pressure": 1.7970590370409878,