{
    "algorithm_name": "GeneticAlgorithm",
    "config_name": "GA_Tournament_OnePoint",
    "run_id": "5a78a336-7b34-4f9b-a066-0ee5830cc3ff",
    "metrics": {
        "best_fitness": 44.13841136466863,
        "runtime_seconds": 38.27168534791319,
        "iterations": 6233,
        "function_evaluations": 554737,
        "convergence_rate": 0.08928987062452938,
        "solution_stability": 2.3430276653588207,
        "best_fitness_history": [
            50.33982521202284,
            50.50222870548468,
            51.5870434232372,
            49.9585424394156,
            50.24798560072887,
            50.461966664571314,
            51.76449737628233,
            50.31782068748854,
            50.569308068153276,
            48.38896401481139,
            50.98183875105032,
            49.115792954468255,
            49.544806772578575,
            49.33545201638639,
            51.002151742138736,
            51.4255496369066,
            47.827769152429426,
            47.98387898103256,
            48.83755482943085,
            47.34059120742013,
            49.112239417610645,
            47.84220360906102,
            48.90239745324934,
            48.04229336674139,
            47.54948323694162,
            47.6057974072169,
            47.23364507363715,
            48.54133402745498,
            47.15229583594313,
            47.89079440561238,
            48.932365984092534,
            47.98781098099403,
            46.549253023242855,
            49.48770845951808,
            46.356463554406524,
            46.3085496136031,
            46.17521407080677,
            47.67995188425031,
            49.015995301394135,
            49.162538124214095,
            45.54061903029345,
            46.54812918417743,
            45.977889979636515,
            47.65104205089273,
            46.22192228058944,
            48.549872720250825,
            45.59471952596995,
            48.67135094737077,
            47.38618004691165,
            45.030796035706416,
            48.06135423963895,
            44.36547145232254,
            45.797778737713365,
            44.70836654126621,
            44.044176610386636,
            45.654360321074684,
            45.933512549766334,
            46.01958872494791,
            44.97745215089644,
            44.274006222027126,
            44.5158766728291,
            44.26233055479952,
            46.76347978331233,
            45.31555636704461,
            46.96129252557036,
            43.293316572659826,
            45.86517389564068,
            42.79334604383174,
            43.72151082342091,
            43.85747710792682,
            43.86667119641711,
            42.76436076470392,
            44.798731417260605,
            42.751468582601255,
            42.559800334790324,
            42.99728768446601,
            44.27842192872758,
            41.32111579879415,
            43.47594548774054,
            42.737686866570414,
            44.06651574546853,
            43.23105670932112,
            39.63045103115852,
            40.32063175985518,
            40.064652101675264,
            42.20006877849963,
            39.44760099717932,
            41.51939019576839,
            38.858422042778,
            38.758486920652636,
            35.449495197366254,
            37.96759532524568,
            44.13841136466863
        ],
        "parameters": {
            "param1": "A",
            "param2": 2
        },
        "generations": 6233,
        "population_size": 141,
        "crossover_success_rate": 0.8281572591763685,
        "mutation_impact": 0.0694345740473712,
        "selection_pressure": 1.9171821078868674,
        "population_diversity": [
            0.7504457736307223,
            0.7077798751515695,
            0.5285810719532739,
            0.2761810753884002,
            0.19041153225596802,
            0.13836108187378166,
            0.1327918704496699,
            0.5613330252711702,
            0.18618397159802816,
            0.1347500858538081,
            0.1908257905443813,
            0.21226836385804304,
            0.18859299418651726,
            0.335948277213738,
            0.43200060423332187,
            0.16525392352554452,
            0.4051595044748387,
            0.7332255890623433,
            0.6811454852961205,
            0.39369255755624366,
            0.23579568945213059,
            0.2684287304837349,
            0.6241756091710862,
            0.18143484695616163,
            0.1696619485977181,
            0.74323035214187,
            0.7382870310026878,
            0.7208820673663233,
            0.31151056991066206,
            0.2716363229632015,
            0.7057821349684319,
            0.6548720490071084,
            0.7663884384260234,
            0.5042585526855692,
            0.7527084740816452,
            0.49977050809173174,
            0.43150140071466314,
            0.2455280215640052,
            0.6160885337450541,
            0.6437882032888318,
            0.524997924725777,
            0.676352381992353,
            0.703074956406802,
            0.4200229455291169,
            0.46946170505862717,
            0.47806517904532697,
            0.4262221058439365,
            0.7110656528071909,
            0.69134058342387,
            0.6576430963932437,
            0.4807519086561286,
            0.7656643948970402,
            0.6523364582885051,
            0.696992448129199,
            0.2147376655247712,
            0.7817578683562764,
            0.20758155509656162,
            0.14626528619694942,
            0.34626880671174715,
            0.634318514468452,
            0.205712634118003,
            0.6244311776523632,
            0.43555369024282187,
            0.5598902181624772,
            0.5599013116164048,
            0.6559643082622885,
            0.748238986099872,
            0.10686848608370048,
            0.74641308212021,
            0.6091243028459705,
            0.29812889728415,
            0.1015065820058077,
            0.6886247125328615,
            0.31145985155744005,
            0.2919480217887065,
            0.6221642657588384,
            0.27201235985893657,
            0.6407563176848855,
            0.375354143645774,
            0.29829267230148104,
            0.4402468386206566,
            0.5671890762420516,
            0.5462045676148243,
            0.5649636765420897,
            0.4214705998043051,
            0.25665861473905943,
            0.5823806029895128,
            0.1898446408288546,
            0.4051059121565137,
            0.2502709045791223,
            0.45101002029096493,
            0.5103437455883273,
            0.48178518831982553
        ]
    },