{
    "algorithm_name": "HillClimbing",
    "config_name": "HillClimbing_RandomRestart_Test",
    "run_id": "0a17edf7-25f4-4c98-b275-478290cad61b",
    "metrics": {
        "best_fitness": 102.47873679530105,
        "runtime_seconds": 84.79049288711079,
        "iterations": 4549,
        "function_evaluations": 450351,
        "convergence_rate": 0.08674995331789298,
        "solution_stability": 3.4191631041561976,
        "best_fitness_history": [
            119.1213442673191,
            117.64610032231137,
            118.77441925019843,
            117.1029826470187,
            118.3928082037124,
            117.96787250186729,
            119.43940384830826,
            117.9689052117427,
            117.5775152385075,
            118.70978026899022,
            116.80456602365533,
            115.61041429978941,
            116.0110133828363,
            114.87462951722502,
            115.46120362693432,
            116.36252827159382,
            114.3660002172618,
            114.13211442426203,
            114.41894070168637,
            113.13108764769412,
            115.26467520163234,
            114.10717471378344,
            108.7109730467102,
            108.98268050568396,
            110.66528189156483,
            111.6104051920496,
            108.09258094494625,
            107.33946209504889,
            109.41881197041387,
            109.77244757104349,
            109.04626401692735,
            110.11871224095412,
            106.60434191959534,
            109.26058425267938,
            108.42991758939948,
            108.45021273992923,
            105.45427065374803,
            104.74794590424845,
            107.75447205174926,
            105.1571695569642,
            104.79775546278303,
            103.13112042644144,
            102.54774777667626,
            101.83745686119826,
            99.85336631247084,
            97.40731931961233,
            96.87777144881426,
            94.01572754910723,
            96.19165611542401,
            102.47873679530105
        ],
        "parameters": {
            "param1": "A",
            "param2": 5
        },
        "neighbors_generated": 424327.0847664648,
        "neighbors_evaluated": 450351,
        "local_optima_count": 1,
        "plateau_length": 0,
        "improvement_rate": 0.17435191686653126
    },
    "raw_data": {
        "fitness_history": [
            119.1213442673191,
            117.64610032231137,
            118.77441925019843,
            117.1029826470187,
            118.3928082037124,
            117.96787250186729,
            119.43940384830826,
            117.9689052117427,
            117.5775152385075,
            118.70978026899022,
            116.80456602365533,
            115.61041429978941,
            116.0110133828363,
            114.87462951722502,
            115.46120362693432,
            116.36252827159382,
            114.3660002172618,
            114.13211442426203,
            114.41894070168637,
            113.13108764769412,
            115.26467520163234,
            114.10717471378344,
            108.7109730467102,
            108.98268050568396,
            110.66528189156483,
            111.6104051920496,
            108.09258094494625,
            107.33946209504889,
            109.41881197041387,
            109.77244757104349,
            109.04626401692735,
            110.11871224095412,
            106.60434191959534,
            109.26058425267938,
            108.42991758939948,
            108.45021273992923,
            105.45427065374803,
            104.74794590424845,
            107.75447205174926,
            105.1571695569642,
            104.79775546278303,
            103.13112042644144,
            102.54774777667626,
            101.83745686119826,
            99.85336631247084,
            97.40731931961233,
            96.87777144881426,
            94.01572754910723,
            96.19165611542401,
            102.47873679530105
        ]
    }
}