{
    "algorithm_name": "HillClimbing",
    "config_name": "HillClimbing_Std",
    "run_id": "6dd5d521-c593-4fd7-bca5-3e94523735c4",
    "metrics": {
        "best_fitness": 76.3198380049363,
        "runtime_seconds": 62.168375194185806,
        "iterations": 2458,
        "function_evaluations": 71282,
        "convergence_rate": 0.09370761619987922,
        "solution_stability": 3.913063741637,
        "best_fitness_history": [
            101.07586830425127,
            102.31734051248621,
            101.25026236891709,
            101.52904053253835,
            101.72205244136423,
            100.20290515612017,
            100.87939537936197,
            100.06530005970924,
            98.97361171610513,
            101.31707690575864,
            101.14634151413551,
            99.68245794599098,
            102.06698225377149,
            99.43092337186323,
            101.45920119218403,
            99.79610305746607,
            100.62882396651074,
            99.0475384700073,
            100.36839641866285,
            101.59084974982552,
            100.32420010627152,
            99.43764039644356,
            100.60697554974999,
            100.58635094309058,
            98.0973790526648,
            98.88353638327938,
            101.38172180901012,
            98.48957238423338,
            100.50780534514296,
            100.29051235238579,
            101.04227503303228,
            100.01913361272882,
            98.85918458928093,
            99.35772978913911,
            97.92524058042049,
            101.25845731701824,
            98.40649924630478,
            98.19352943488151,
            100.11871400256082,
            97.85887666210955,
            100.16729603113303,
            97.65213438714215,
            100.13598961549556,
            99.35992656485344,
            98.91050002933001,
            98.18534036245254,
            96.70490800744211,
            98.31109632522798,
            97.32242505404392,
            99.73305868266175,
            98.59302308805565,
            99.30425847793438,
            98.09889722755972,
            95.88064004544763,
            99.19822624736305,
            99.16426658668088,
            98.95189977319296,
            98.76773212804105,
            99.00217597355494,
            97.09744276419877,
            95.51072706808873,
            96.53608945336526,
            95.45889555316073,
            96.77598921157579,
            97.83375957090053,
            97.46170569400181,
            98.14679155005342,
            96.7574518358408,
            94.40549143748163,
            94.46823912185681,
            95.69381829766515,
            96.83885213617224,
            96.25724866004182,
            97.26858216772781,
            93.86704779825178,
            95.87979659308529,
            93.91993506797596,
            96.31605878924451,
            95.54417675609608,
            96.16218836113468,
            93.09812227106744,
            93.90305802426249,
            93.31520400868203,
            93.25555149084659,
            93.84787937133225,
            94.09699850355358,
            92.53665273174327,
            93.38730347611398,
            93.82278201294034,
            94.24635836510446,
            92.35050926692662,
            92.14841930924754,
            92.81132664033336,
            93.92054071547165,
            92.26778888659453,
            92.60199691075096,
            91.3047294636681,
            94.2413872421183,
            91.21596780737787,
            93.85895083098215,
            92.65050038312208,
            90.23334458150663,
            92.91796907606418,
            91.46851627970807,
            92.46966627720376,
            92.68579009157752,
            92.58521342127946,
            90.15471738769402,
            90.67850463108257,
            90.13464048511278,
            88.71566738130318,
            90.00302355176926,
            89.66572991794673,
            88.88932364121638,
            88.59993581079127,
            91.1074229248803,
            87.92117211370278,
            87.68242398982625,
            87.42789272822883,
            87.2626863222413,
            85.67769331162833,
            87.04861164998051,
            86.95406669070657,
            87.1721506616239,
            88.14050698114963,
            86.06249249261853,
            84.6932087114778,
            86.23381692682439,
            87.25253321655039,
            85.4953407990065,
            87.23353782389856,
            86.73199873941972,
            83.46303271224473,
            84.62265984302468,
            84.94778965434969,
            85.11478906740986,
            83.31579701703987,
            82.10860040044105,
            81.27010525923937,
            81.80130462667331,
            80.78873185059199,
            80.93052229016985,
            78.21191834440353,
            77.9311804395326,
            76.3198380049363
        ],
        "parameters": {
            "param1": "A",
            "param2": 8
        },
        "neighbors_generated": 71224.92467865613,
        "neighbors_evaluated": 71282,
        "local_optima_count": 5,
        "plateau_length": 0,
        "improvement_rate": 0.16912242432396635
    },