{
    "algorithm_name": "HillClimbing",
    "config_name": "HillClimbing_RandomRestart_Test",
    "run_id": "b5949e5f-c477-4f69-8d29-e3a4f8a2d654",
    "metrics": {
        "best_fitness": 85.84578288421407,
        "runtime_seconds": 99.5309177190035,
        "iterations": 5607,
        "function_evaluations": 470988,
        "convergence_rate": 0.16230338005491252,
        "solution_stability": 2.358858869344636,
        "best_fitness_history": [
            96.13933385312342,
            94.70210090795906,
            97.54073159954015,
            94.07905267325492,
            96.03551786545678,
            93.84174486182167,
            96.90470464956752,
            95.64051887737793,
            97.22418376105553,
            95.43147306689455,
            94.43629257312458,
            95.76515512756345,
            94.53099038096897,
            94.4255724232644,
            96.60885043261263,
            93.49858856842255,
            93.44398988285953,
            95.69654524004945,
            94.75430276391214,
            96.08168782689435,
            94.0029215532064,
            94.6865295600038,
            95.148641410914,
            94.37977947413751,
            93.145539330559,
            94.52678863630841,
            92.03014502919649,
            92.92322299519293,
            94.56454559148833,
            93.32688918914769,
            92.75903929421061,
            93.13010182873438,
            94.4851966782289,
            91.78264047117443,
            93.09522889112839,
            91.12916744057827,
            92.0296840914384,
            93.17597925262434,
            92.20283746325264,
            92.93501849104429,
            93.21322174275059,
            92.53546935801374,
            90.9862942301595,
            91.78524066681011,
            90.71078579679444,
            88.77701607198472,
            90.39714411534251,
            91.53024414937212,
            88.94852153830892,
            87.53881769634384,
            87.44959513613549,
            89.4361834290705,
            87.28530038308887,
            89.39688592717143,
            87.32608652638913,
            85.38890462192121,
            84.2571709349001,
            85.37281578329873,
            87.07403942225416,
            84.88799849525817,
            86.68021836544155,
            85.76445964416192,
            83.77064549730164,
            85.37832222307343,
            81.92330092921326,
            82.69743504240897,
            83.30307688012408,
            82.63945734461544,
            81.95305389051586,
            83.76523022112059,
            81.86758417308377,
            80.27589719707547,
            83.17589173216221,
            83.31915550173674,
            82.64227919715977,
            80.79289705869272,
            82.10545691788435,
            82.04291926172989,
            80.4641009944782,
            77.87511794471212,
            77.95975873107254,
            77.36325353583544,
            77.02156883163529,
            75.70134678635544,
            73.40169937978712,
            73.3775668959927,
            85.84578288421407
        ],
        "parameters": {
            "param1": "A",
            "param2": 3
        },
        "neighbors_generated": 464053.15131864743,
        "neighbors_evaluated": 470988,
        "local_optima_count": 5,
        "plateau_length": 7,
        "improvement_rate": 0.1342005792658952
    },
    "raw_data": {
        "fitness_history": [
            96.13933385312342,
            94.70210090795906,
            97.54073159954015,
            94.07905267325492,
            96.03551786545678,
            93.84174486182167,
            96.90470464956752,
            95.64051887737793,
            97.22418376105553,
            95.43147306689455,
            94.43629257312458,
            95.76515512756345,
            94.53099038096897,
            94.4255724232644,
            96.60885043261263,
            93.49858856842255,
            93.44398988285953,
            95.69654524004945,
            94.75430276391214,
            96.08168782689435,
            94.0029215532064,
            94.6865295600038,
            95.148641410914,
            94.37977947413751,
            93.145539330559,
            94.52678863630841,
            92.03014502919649,
            92.92322299519293,
            94.56454559148833,
            93.32688918914769,
            92.75903929421061,
            93.13010182873438,
            94.4851966782289,
            91.78264047117443,
            93.09522889112839,
            91.12916744057827,
            92.0296840914384,
            93.17597925262434,
            92.20283746325264,
            92.93501849104429,
            93.21322174275059,
            92.53546935801374,
            90.9862942301595,
            91.78524066681011,
            90.71078579679444,
            88.77701607198472,
            90.39714411534251,
            91.53024414937212,
            88.94852153830892,
            87.53881769634384,
            87.44959513613549,
            89.4361834290705,
            87.28530038308887,
            89.39688592717143,
            87.32608652638913,
            85.38890462192121,
            84.2571709349001,
            85.37281578329873,
            87.07403942225416,
            84.88799849525817,
            86.68021836544155,
            85.76445964416192,
            83.77064549730164,
            85.37832222307343,
            81.92330092921326,
            82.69743504240897,
            83.30307688012408,
            82.63945734461544,
            81.95305389051586,
            83.76523022112059,
            81.86758417308377,
            80.27589719707547,
            83.17589173216221,
            83.31915550173674,
            82.64227919715977,
            80.79289705869272,
            82.10545691788435,
            82.04291926172989,
            80.4641009944782,
            77.87511794471212,
            77.95975873107254,
            77.36325353583544,
            77.02156883163529,
            75.70134678635544,
            73.40169937978712,
            73.3775668959927,
            85.84578288421407
        ]
    }
}