{
    "algorithm_name": "HillClimbing",
    "config_name": "HillClimbing_Intensive",
    "run_id": "c2bd444b-9264-4194-8d0d-165207c0b96b",
    "metrics": {
        "best_fitness": 105.09363495890017,
        "runtime_seconds": 9.83549404502437,
        "iterations": 2136,
        "function_evaluations": 207192,
        "convergence_rate": 0.2395658137877737,
        "solution_stability": 4.229498867897998,
        "best_fitness_history": [
            116.70723874316452,
            118.19835520656599,
            117.76067909147935,
            115.13545668940766,
            115.90638590571805,
            118.51283279711572,
            116.03529871286278,
            117.588755511923,
            114.47755926491199,
            118.02199769181388,
            116.18149753258439,
            114.42090241487134,
            116.0097911198107,
            114.20724873955635,
            115.34188747605023,
            116.04861385658421,
            114.35939862904377,
            115.93371132319349,
            115.67632947873597,
            114.58031192341016,
            115.34296560999321,
            115.86215641465871,
            114.07143495894606,
            116.76197026463078,
            116.66601871791835,
            113.87963325545849,
            116.86298488962933,
            115.8474832439613,
            114.08969391122636,
            115.95980574058463,
            116.63575236197867,
            115.82382359524549,
            113.3075757107952,
            112.91373103963346,
            114.92104841549977,
            113.63186357953032,
            113.04339891011819,
            114.85307127217004,
            115.12188503765918,
            114.78287237752572,
            113.95966248548163,
            116.30667950838664,
            112.84202228864406,
            115.85507053067852,
            112.7835111801089,
            115.49347967114242,
            112.41964739852688,
            113.54204292073649,
            112.52613708523057,
            115.11475980710597,
            114.69115112067539,
            114.40351870778086,
            112.18179094111282,
            112.2319214516692,
            115.54403736885722,
            112.41978534875915,
            115.1496913615777,
            114.71871149900225,
            111.437834999939,
            113.6888817633574,
            114.53295573412265,
            112.77129630650309,
            114.56976915013402,
            111.59066699307144,
            113.6947530598768,
            113.24751886659348,
            112.4067583868645,
            113.86427586262361,
            113.959917640529,
            113.20433617766452,
            113.40484144702316,
            114.02332338296128,
            112.69321653494332,
            110.97633670576595,
            113.15783079092597,
            109.77351545505303,
            110.04408311920609,
            109.9553397008558,
            109.43130140311396,
            112.23721752179897,
            109.91799484418819,
            109.54789659801935,
            111.91611820926927,
            110.55729442711375,
            109.09597835720365,
            112.20040629933332,
            108.73279022113005,
            111.25750831786186,
            108.2659258528006,
            110.83128564469118,
            109.24962559296684,
            110.20544989196581,
            110.8852910049524,
            109.00700173675945,
            107.83240210556056,
            108.8994221069575,
            108.15580914555557,
            107.51407847896355,
            109.51153945982982,
            106.8795469085633,
            108.19177266779833,
            109.06325747112571,
            106.66780859153708,
            107.74265209131102,
            108.4513530759409,
            105.85058681040627,
            106.40284904344412,
            108.73384214881243,
            107.7495677114074,
            108.16951771956347,
            105.66785001133809,
            105.54998391868513,
            106.25673089756954,
            106.3140947769039,
            107.93619230385306,
            104.6245289353546,
            105.67197669584404,
            107.40612808987423,
            106.08702996597121,
            107.3529798312622,
            105.25121211966433,
            105.43903998965301,
            102.86631836082977,
            105.91713354159782,
            104.01837887833098,
            105.09100989086619,
            103.13427747462949,
            105.16401273831131,
            103.52718042965603,
            103.0514675126416,
            104.19196324428096,
            101.172769437657,
            103.76952772705704,
            104.36181134749253,
            103.82126840529362,
            103.76065475993424,
            100.57461048394377,
            103.56847977786114,
            99.77061326445057,
            101.75903533318754,
            102.2200274471747,
            102.152784256006,
            99.68813710971402,
            98.80220342725522,
            98.09618037029071,
            97.90139040506638,
            97.82485794223788,
            97.52620974101916,
            100.18967703677693,
            97.64522220241061,
            96.91603061157595,
            99.15235039040176,
            96.45604286816874,
            96.52833980039829,
            96.26497851161736,
            97.70894516366754,
            97.73255956260572,
            97.43254814418704,
            96.13391960040813,
            95.14703870325633,
            94.02455826977865,
            95.93930927437142,
            94.48825858597739,
            93.99334817936102,
            93.75581842020749,
            93.18347536369268,
            95.87274976203584,
            94.21404793304225,
            93.53430251066062,
            92.59044618879395,
            91.51453182789908,
            92.11549270619462,
            91.28502800271589,
            89.838450254395,
            86.71537981971233,
            85.16061492232443,
            86.15941453918391,
            84.93669264841044,
            105.09363495890017
        ],
        "parameters": {
            "param1": "A",
            "param2": 1
        },
        "neighbors_generated": 228134.3388259887,
        "neighbors_evaluated": 207192,
        "local_optima_count": 4,
        "plateau_length": 0,
        "improvement_rate": 0.05972905303821568
    },