{
    "algorithm_name": "HillClimbing",
    "config_name": "HillClimbing_Intensive",
    "run_id": "8a66914c-19b0-4917-8c89-c87626959963",
    "metrics": {
        "best_fitness": 43.031068621615084,
        "runtime_seconds": 21.278910212894655,
        "iterations": 6822,
        "function_evaluations": 245592,
        "convergence_rate": 0.02107783769217675,
        "solution_stability": 4.5519862507575946,
        "best_fitness_history": [
            52.14563938446376,
            51.41445693944699,
            52.78163834590155,
            50.910915139547676,
            52.72605257866969,
            52.06610277152764,
            52.644566725796196,
            52.30772333701579,
            53.02829081986885,
            52.00633321767766,
            52.79932782303256,
            51.560324055728266,
            50.30532721110429,
            50.442937827341495,
            51.458479974489116,
            49.90781193473206,
            53.19922097497919,
            50.83438280568387,
            51.6894225259434,
            50.55329972314705,
            50.676618968747164,
            50.938057523475635,
            52.23484495167334,
            51.03536961446553,
            51.98294038903941,
            52.32978253884833,
            51.910372788581434,
            51.041108035945435,
            52.03864140559262,
            51.68270460806971,
            50.17733741503213,
            52.601473633757166,
            51.21898919416978,
            52.7912691519432,
            52.25552440634113,
            49.47245968714559,
            52.02178692026208,
            52.4782794267891,
            51.171207833957,
            52.19483673179415,
            50.47746749200115,
            49.91436401546568,
            50.60220875261876,
            52.377776142418384,
            49.63035285591997,
            51.979945034257895,
            51.93598154956945,
            49.053608139057374,
            51.50283971487199,
            50.685087172805886,
            50.408737821049804,
            52.12436031370484,
            52.18209134538567,
            50.49090426370714,
            48.48822198034461,
            48.9635592358226,
            51.60120162660407,
            48.608087281627554,
            50.65514339237274,
            51.06374367136048,
            48.22502308979256,
            48.64693860520738,
            51.06052818819561,
            49.90587692546769,
            49.72134812979747,
            49.613309664263284,
            48.70186767571352,
            50.859893204908424,
            49.55714898879327,
            47.74479275877284,
            49.995256468957315,
            48.747001913174415,
            50.4993238921424,
            47.08375360717623,
            47.79402603398823,
            50.2292678972712,
            48.304743005541965,
            49.15308460838624,
            47.643254490393694,
            47.21966401976188,
            48.820999145630964,
            49.05193414030894,
            46.69752724045186,
            46.44276889795195,
            47.03546819813123,
            50.29273320219721,
            49.672456291927546,
            46.77150307734263,
            47.302622296706204,
            49.102595062937084,
            49.399833267739744,
            46.92809928341018,
            48.77149549240937,
            48.80687039512148,
            47.879206871058955,
            48.07172172946747,
            47.12259762471788,
            47.750297504267024,
            45.12171452105351,
            47.75246322658057,
            45.36240960060744,
            45.47460338546646,
            45.978185462904754,
            45.420738433511005,
            43.77024980468008,
            44.9406220740023,
            45.92877265571471,
            46.568920663588464,
            43.22893977961535,
            46.72211769096947,
            43.93537145029946,
            46.863921349564414,
            46.441816341925154,
            42.97827961057029,
            44.79701541029859,
            45.154255829177956,
            46.32147015323458,
            45.16533797588357,
            42.372170220213384,
            44.253174631954785,
            43.264743482729436,
            41.46413277629829,
            43.765946208362905,
            41.046266264794426,
            41.25013753025953,
            42.58076914860439,
            41.75534966469865,
            43.350860711945785,
            42.634104153348964,
            43.05062004122489,
            40.87835611825976,
            37.853174974975026,
            43.031068621615084
        ],
        "parameters": {
            "param1": "A",
            "param2": 8
        },
        "neighbors_generated": 211228.68111563686,
        "neighbors_evaluated": 245592,
        "local_optima_count": 5,
        "plateau_length": 0,
        "improvement_rate": 0.021539574912745454
    },