{
    "algorithm_name": "HillClimbing",
    "config_name": "HillClimbing_Std",
    "run_id": "97491f13-9513-4e34-960f-46d0a403c562",
    "metrics": {
        "best_fitness": 96.65015930306153,
        "runtime_seconds": 62.01522398572946,
        "iterations": 2415,
        "function_evaluations": 195615,
        "convergence_rate": 0.03545495307697117,
        "solution_stability": 2.740074002468177,
        "best_fitness_history": [
            110.11662825299236,
            108.61112500676965,
            112.05356788618454,
            109.0964455062874,
            111.88990975779006,
            108.05853037139872,
            111.66405671843586,
            111.39648631127116,
            111.64777451893161,
            108.9395286964963,
            111.34141481849367,
            111.20096793658851,
            109.7136698211097,
            110.57544426910539,
            109.87127057007815,
            108.22774047071076,
            108.67556283714654,
            110.47716263685398,
            110.85095742520112,
            110.70450275990004,
            107.80193484796597,
            109.83573261826167,
            109.85617693494763,
            108.40708793092462,
            111.25732735234543,
            109.02172821537214,
            110.23399534399849,
            108.73380686296896,
            107.73421183610256,
            108.52451280474395,
            107.55349776182165,
            108.05935345360645,
            108.23230806865102,
            109.9929080364958,
            106.67907641769548,
            109.76734468852614,
            108.21133254196468,
            106.82406374753091,
            110.02967404014275,
            107.40175025208278,
            108.46469670520752,
            109.23103553857497,
            108.5362431792307,
            107.28722135685676,
            107.1826228326198,
            109.05129314128651,
            109.86678476529113,
            107.8598512021474,
            107.18610436758439,
            106.82992066538034,
            106.54719668615907,
            106.53799358239935,
            106.6791326761761,
            105.95459816622032,
            105.22391660204998,
            105.32942136192122,
            108.04114028638345,
            108.13137007783615,
            105.74904011788753,
            108.28258195218302,
            106.82813104417684,
            105.43861614779269,
            107.60128241629218,
            105.5246937764464,
            106.02152069010825,
            106.27346825563401,
            106.74863926170762,
            106.31048563863158,
            103.99027347774955,
            106.05533527858094,
            107.4054256570522,
            107.00506398887718,
            105.53659834563281,
            103.74253193352179,
            105.56482687358928,
            105.3506914868902,
            105.85898086733646,
            104.033939670961,
            104.75910513634042,
            102.1789518423278,
            103.12360635039073,
            103.38589920583955,
            105.56826118106152,
            105.15813320186007,
            102.77067671260399,
            103.73899356171974,
            104.8779214084408,
            102.87605327168765,
            104.53968923290434,
            102.94152254678046,
            102.27976163148556,
            104.5546875959787,
            102.96820458229863,
            104.2553656860944,
            101.70135914229539,
            103.07127304666832,
            104.34648862054716,
            101.60360832799971,
            103.36967662826201,
            103.94951659873402,
            102.26691900065127,
            104.22299871683934,
            103.24056125800412,
            101.83015900937745,
            102.21804067242934,
            103.40887718909967,
            99.98530419345363,
            101.13349121597953,
            102.84602815340934,
            103.59637075436551,
            103.05972862421707,
            101.30377702330742,
            100.98642037201876,
            102.7732091563184,
            101.92058601279047,
            102.35427060911312,
            101.19178322522308,
            102.21931848357197,
            102.82718031372532,
            99.79841379236666,
            99.61852944170376,
            99.30129773863388,
            101.7079028003538,
            101.70246048222918,
            99.56672271859992,
            101.80356385925454,
            100.63473470302877,
            99.71235620909674,
            100.05405633678379,
            98.2854360363364,
            98.4755590373416,
            99.57157766331491,
            98.31327825337799,
            98.63413564077177,
            96.90917286264869,
            98.81043714221434,
            96.8943269329783,
            98.70001281051715,
            99.75803128985397,
            98.31337200604146,
            99.64496934217759,
            97.0987252183587,
            95.76724018830336,
            98.24714952470848,
            97.04848310845259,
            98.91816668022044,
            97.28232466374492,
            95.85815971889367,
            94.83834457251963,
            95.77178316095973,
            94.64201656216929,
            97.65550002092102,
            94.17288734295425,
            95.05567686060719,
            93.35579214331287,
            93.42577461640136,
            94.57126410444837,
            91.60106280001607,
            92.05897716242393,
            92.98226741267531,
            91.70373701985692,
            92.52390027326908,
            91.34288729272295,
            89.46762717503111,
            88.71396484283477,
            88.27897452880914,
            88.76760222822836,
            90.55218075986147,
            87.89065660603394,
            89.07422867192221,
            88.68839596677086,
            86.68543148490824,
            85.89592204633534,
            88.02343526839658,
            84.37939336441289,
            84.67536109303705,
            84.67455468967796,
            86.18309878191913,
            83.16857746365436,
            84.24314835152936,
            81.69638949783783,
            84.10519700691339,
            96.65015930306153
        ],
        "parameters": {
            "param1": "A",
            "param2": 10
        },
        "neighbors_generated": 222059.41812665205,
        "neighbors_evaluated": 195615,
        "local_optima_count": 4,
        "plateau_length": 19,
        "improvement_rate": 0.06183630012453454
    },