{
    "algorithm_name": "HillClimbing",
    "config_name": "HillClimbing_Std",
    "run_id": "163e6ff3-09a6-4c4c-a19e-84adc7ac09a4",
    "metrics": {
        "best_fitness": 59.03142214962737,
        "runtime_seconds": 20.58662769328741,
        "iterations": 3625,
        "function_evaluations": 268250,
        "convergence_rate": 0.3779226672250222,
        "solution_stability": 1.482800657022566,
        "best_fitness_history": [
            69.70481663856404,
            68.27757690949208,
            67.7393473698419,
            71.50149834647041,
            68.50080034281847,
            69.36048953702536,
            69.52766566438724,
            67.71177771466299,
            71.32210033857704,
            70.32041979806907,
            71.40264903427983,
            68.60515832940625,
            69.5223195119574,
            70.53375635836078,
            68.81869564991557,
            68.3245204876181,
            68.45018976403277,
            67.2748544841412,
            68.98847964822569,
            68.27553896921034,
            68.48738749348352,
            69.03337145527335,
            67.48218995885529,
            70.08689597505253,
            70.46945016600905,
            67.43220103854222,
            70.41004593752979,
            68.87314344238504,
            67.43539514191693,
            70.01072828085611,
            69.04491192521999,
            67.23499221147351,
            69.41933090687004,
            66.95046204828782,
            66.73546972318638,
            69.06790950360916,
            67.20936510660167,
            66.2156055442596,
            68.86229458045362,
            69.72829178868373,
            68.19429042916883,
            69.38516504454523,
            66.95313956044026,
            69.74127721802576,
            67.15623723974858,
            66.19624319936321,
            68.7439248155731,
            66.2829787198899,
            66.81194053126771,
            68.27158262554475,
            67.20478080099531,
            67.2556047934351,
            68.25325228349689,
            68.84961004815142,
            65.66505698555078,
            68.21823215741973,
            68.19785362332524,
            64.6234231838916,
            64.4049118262164,
            64.66582341041895,
            68.23021771456355,
            65.42249268107042,
            65.73351851016254,
            64.37029207662275,
            67.43248405456819,
            65.89310210269785,
            66.0131195505153,
            64.82553497752072,
            63.8974859752108,
            67.39955742887255,
            66.48864633617153,
            66.67564354559244,
            65.78632591069449,
            66.67374536910734,
            65.84568631716341,
            65.17742972175635,
            63.39455838710696,
            67.2438818835459,
            63.72151202037423,
            66.19512204140541,
            64.50634861488412,
            63.16385104305146,
            66.62504892761602,
            64.50617294261869,
            64.8912620402657,
            66.08293118120535,
            63.63303741526699,
            65.45692430217429,
            65.9129068426466,
            66.0738993955903,
            63.13604856459874,
            64.94435222482345,
            64.69129246736962,
            64.58903775241426,
            63.28115574641602,
            65.64388172386514,
            65.351097857979,
            65.96594652330333,
            64.07518499248796,
            65.17507101875412,
            65.03601586434426,
            65.18499326958549,
            64.61500702249286,
            62.535654694270704,
            61.974524537066934,
            63.27476338524347,
            61.369751629279385,
            62.26232321301306,
            62.76418053120834,
            61.773410292837994,
            62.08870673762541,
            63.605350423911645,
            64.08868207282428,
            64.05281886199519,
            61.18480360168951,
            60.30035088946822,
            60.95043595188858,
            61.99754542848281,
            59.86646270260874,
            61.296810004950395,
            59.6390823718994,
            62.24710326220648,
            59.713112016438494,
            62.477377839049595,
            59.50644626020638,
            59.41948842311947,
            61.823315268323775,
            60.32626210150556,
            60.442615525821715,
            60.55483592181699,
            59.89056725302203,
            60.95705836701953,
            59.420427926646816,
            60.93392142268492,
            60.86109311303512,
            57.21093386900119,
            58.36518312769207,
            57.12006669810408,
            59.060274759010376,
            57.773982261557975,
            57.520687344930494,
            56.40663686809264,
            57.62638651569632,
            55.897291553184346,
            58.44169753221046,
            55.71017417865728,
            57.45128226427164,
            56.22528969359643,
            55.20468695143878,
            57.45548416521167,
            55.652442060357615,
            56.34613944987836,
            55.560476247320025,
            53.73039088593918,
            55.32766537603461,
            52.1948338409334,
            51.27607654431058,
            52.142586619835726,
            53.91712859544404,
            53.376566872263275,
            59.03142214962737
        ],
        "parameters": {
            "param1": "A",
            "param2": 9
        },
        "neighbors_generated": 255562.80808210466,
        "neighbors_evaluated": 268250,
        "local_optima_count": 0,
        "plateau_length": 0,
        "improvement_rate": 0.1025095058701841
    },