{
    "algorithm_name": "HillClimbing",
    "config_name": "HillClimbing_Intensive",
    "run_id": "4f9386a0-60bc-493e-9485-2297ec71a066",
    "metrics": {
        "best_fitness": 115.46680764126819,
        "runtime_seconds": 10.381758741902562,
        "iterations": 2246,
        "function_evaluations": 181926,
        "convergence_rate": 0.3087169071040755,
        "solution_stability": 2.531709107755205,
        "best_fitness_history": [
            130.10558956190152,
            130.0387647469466,
            129.35393235752053,
            130.30783465408757,
            129.25934124072148,
            129.5075161567694,
            129.8691067914654,
            127.82348560845973,
            129.02140488581813,
            128.54668329192862,
            129.66924424445892,
            130.06712110456564,
            129.59532888394634,
            128.88480458338765,
            128.5448734743728,
            127.5452903188161,
            128.733940641097,
            130.84321129697926,
            127.83881683471941,
            131.1835381413339,
            128.54853654867082,
            128.27593983161916,
            130.9172922586128,
            129.94859298312008,
            127.86468413860786,
            130.1872951356643,
            127.97528083177464,
            126.9884358929055,
            128.32509951502243,
            126.68346454939045,
            128.0106048766568,
            129.2607455204748,
            127.96475692188845,
            127.18856075782624,
            129.80744936686264,
            128.53269256580185,
            127.89442716813345,
            129.5462677580164,
            127.62915243112923,
            128.57890246576846,
            128.26610344616256,
            128.34002032761336,
            128.3525684446596,
            127.21396646835892,
            128.6859688414486,
            126.05302031526337,
            127.81651135519215,
            126.14420273006985,
            125.97722931789656,
            124.43839739402581,
            127.68626130224537,
            124.25750045813346,
            127.51379867542352,
            127.61500487625955,
            126.97475484687584,
            123.45625359538629,
            125.36844143253765,
            124.17893955249751,
            125.38090143406562,
            124.53450496234659,
            126.1984814529189,
            125.28556051784705,
            122.94988060511733,
            122.9549914230731,
            124.2819557608058,
            123.6736349331064,
            122.99238200242348,
            123.2152214371738,
            122.27017760099147,
            123.3006176997246,
            122.64118598276306,
            124.81742932735769,
            123.80250148061276,
            124.96809361651411,
            124.87164230529814,
            121.93134415841362,
            123.64954316239073,
            123.56044593032401,
            121.08951434169236,
            121.13222071851047,
            121.21062802000388,
            122.55855242380814,
            120.64958842174111,
            120.70880541174331,
            120.51855028821169,
            122.9824588161407,
            119.41301460977462,
            122.61051753138327,
            119.9249181972934,
            119.35644837384783,
            118.55310611358716,
            119.03845037319896,
            121.19568609290671,
            117.79085922987595,
            119.78852153547544,
            118.64869105327624,
            118.05365247732401,
            118.50875461156451,
            118.64059826798191,
            118.96592487508421,
            117.87600793897961,
            117.77553428809676,
            116.85150086800486,
            116.90331508098949,
            116.88927751092876,
            116.22468509105175,
            115.06728466003199,
            115.44591922838802,
            114.38084670635355,
            116.03224149133952,
            115.7133329411493,
            113.62801709236483,
            114.65500020970592,
            115.26525536478789,
            113.75797714965087,
            114.08384196421788,
            110.18920115570964,
            110.4068747007871,
            111.45358855024848,
            110.45274028492929,
            108.05012981698587,
            109.28153243671126,
            106.51432875186786,
            109.02547889612255,
            103.91175550864392,
            103.69350629703298,
            102.56930983443932,
            105.6449548432505,
            103.44431533118116,
            103.32667812584454,
            100.88388969393424,
            101.85286810237012,
            100.02195392064434,
            100.36856760043946,
            99.50474388471828,
            97.55275490804854,
            95.93425356827701,
            115.46680764126819
        ],
        "parameters": {
            "param1": "B",
            "param2": 3
        },
        "neighbors_generated": 170146.44291243894,
        "neighbors_evaluated": 181926,
        "local_optima_count": 4,
        "plateau_length": 0,
        "improvement_rate": 0.03576019899946014
    },