{
    "algorithm_name": "HillClimbing",
    "config_name": "HillClimbing_RandomRestart_Test",
    "run_id": "54324d2c-b7b1-480a-8f63-fac9dd32b209",
    "metrics": {
        "best_fitness": 126.54586872657822,
        "runtime_seconds": 7.703653374360907,
        "iterations": 6730,
        "function_evaluations": 228820,
        "convergence_rate": 0.39426022529537913,
        "solution_stability": 2.872430473883885,
        "best_fitness_history": [
            134.48651097934413,
            135.237147985555,
            135.66196546775387,
            132.33473798078114,
            133.04726416830417,
            133.65481364956688,
            134.60149978247685,
            134.06397397915572,
            135.13972735714574,
            133.60676345568217,
            134.24244710104978,
            133.28216304974652,
            134.70345180454078,
            132.81518560740074,
            134.07601563425635,
            134.4547369443353,
            133.75689015938195,
            133.95707752992408,
            131.02698573442834,
            133.13254860337142,
            131.5959299741892,
            130.90563587181782,
            132.52974534706019,
            133.25130236703637,
            134.03553026677787,
            133.86913617735902,
            130.82810359261228,
            133.1793883024071,
            130.38695145245083,
            131.43482277969758,
            130.46666014584417,
            130.61280841077752,
            129.55177295380986,
            130.68153428288338,
            130.76860505805453,
            130.92968332438275,
            130.43929551747163,
            126.82373074092625,
            129.61226217605122,
            126.50938301827904,
            126.82865609708752,
            127.87270923018183,
            127.81585561470561,
            127.65016892340313,
            125.4458170851334,
            125.97071690370129,
            127.22481769979402,
            126.57191563264158,
            124.41971462202734,
            125.34936459832113,
            125.62749776779464,
            125.55315768442502,
            124.00751942977583,
            126.9424639657657,
            124.12303063584986,
            124.36132941788773,
            124.0357586082763,
            121.4728691387645,
            124.16875416018978,
            120.96169246676264,
            121.26754123795996,
            118.73157874828973,
            118.42743383626448,
            117.06960298035214,
            117.7813878173502,
            119.782872514971,
            117.22299890235566,
            118.91284505081542,
            117.36945643825024,
            118.01703680758744,
            115.12145304943866,
            116.33068806786022,
            116.54342091156174,
            117.42740914972117,
            113.56808063227005,
            116.63836737195388,
            114.80715684908186,
            113.33730693582278,
            113.9905644565266,
            110.89206176794323,
            111.89075645016045,
            108.42480441735205,
            108.29243416865897,
            102.57267590263064,
            126.54586872657822
        ],
        "parameters": {
            "param1": "B",
            "param2": 8
        },
        "neighbors_generated": 197890.1936433273,
        "neighbors_evaluated": 228820,
        "local_optima_count": 5,
        "plateau_length": 5,
        "improvement_rate": 0.16885780642158657
    },
    "raw_data": {
        "fitness_history": [
            134.48651097934413,
            135.237147985555,
            135.66196546775387,
            132.33473798078114,
            133.04726416830417,
            133.65481364956688,
            134.60149978247685,
            134.06397397915572,
            135.13972735714574,
            133.60676345568217,
            134.24244710104978,
            133.28216304974652,
            134.70345180454078,
            132.81518560740074,
            134.07601563425635,
            134.4547369443353,
            133.75689015938195,
            133.95707752992408,
            131.02698573442834,
            133.13254860337142,
            131.5959299741892,
            130.90563587181782,
            132.52974534706019,
            133.25130236703637,
            134.03553026677787,
            133.86913617735902,
            130.82810359261228,
            133.1793883024071,
            130.38695145245083,
            131.43482277969758,
            130.46666014584417,
            130.61280841077752,
            129.55177295380986,
            130.68153428288338,
            130.76860505805453,
            130.92968332438275,
            130.43929551747163,
            126.82373074092625,
            129.61226217605122,
            126.50938301827904,
            126.82865609708752,
            127.87270923018183,
            127.81585561470561,
            127.65016892340313,
            125.4458170851334,
            125.97071690370129,
            127.22481769979402,
            126.57191563264158,
            124.41971462202734,
            125.34936459832113,
            125.62749776779464,
            125.55315768442502,
            124.00751942977583,
            126.9424639657657,
            124.12303063584986,
            124.36132941788773,
            124.0357586082763,
            121.4728691387645,
            124.16875416018978,
            120.96169246676264,
            121.26754123795996,
            118.73157874828973,
            118.42743383626448,
            117.06960298035214,
            117.7813878173502,
            119.782872514971,
            117.22299890235566,
            118.91284505081542,
            117.36945643825024,
            118.01703680758744,
            115.12145304943866,
            116.33068806786022,
            116.54342091156174,
            117.42740914972117,
            113.56808063227005,
            116.63836737195388,
            114.80715684908186,
            113.33730693582278,
            113.9905644565266,
            110.89206176794323,
            111.89075645016045,
            108.42480441735205,
            108.29243416865897,
            102.57267590263064,
            126.54586872657822
        ]
    }
}