{
    "algorithm_name": "SimulatedAnnealing",
    "config_name": "SimulatedAnnealing_Std",
    "run_id": "9f81a081-ebf6-48d2-94f3-4b9f514ef155",
    "metrics": {
        "best_fitness": 131.17408283146554,
        "runtime_seconds": 8.324882190827328,
        "iterations": 3211,
        "function_evaluations": 314678,
        "convergence_rate": 0.4162754051310426,
        "solution_stability": 0.5287959602645733,
        "best_fitness_history": [
            139.06092694773363,
            138.8285723882628,
            138.11744350864515,
            138.15419564038115,
            139.97572667509348,
            138.83329140060704,
            139.96072033721617,
            137.61964582968943,
            137.2767998203738,
            138.7808803176961,
            137.077521388954,
            138.7137218439695,
            136.93149633501997,
            136.65827815087374,
            136.70190746901963,
            136.510374852092,
            137.9453960253492,
            136.24678996513413,
            138.24958863697034,
            137.39337904346755,
            136.2018629933531,
            138.05629927748794,
            136.30630448900138,
            138.0047865429084,
            137.58774208125766,
            133.77274723143412,
            135.06650964185178,
            134.51705748211464,
            133.78057661413888,
            133.7790035269999,
            133.6493585950239,
            134.66414065752863,
            134.33594656498562,
            134.94250945070667,
            134.10498001102917,
            132.78538990023893,
            132.07583152478904,
            131.2710290127058,
            133.3252388870355,
            132.82539786046527,
            131.67873527535048,
            129.6360954815539,
            130.42155731595963,
            129.19568271150206,
            130.6245972309877,
            131.5250147213067,
            130.37321069037685,
            128.83244059356292,
            129.50371014636326,
            126.50146966536454,
            127.4383897832838,
            128.6472245485543,
            126.6820138204887,
            124.72384733429708,
            124.93402786612793,
            126.10274108358738,
            121.9258167307919,
            123.1511679547758,
            121.92098805067357,
            120.60940682033514,
            122.38689053389251,
            119.8805095791961,
            120.51578426364378,
            121.05872532169155,
            118.45421566089448,
            117.8791245240847,
            117.63852591166389,
            117.17708748197217,
            115.05703449211026,
            115.88074813019564,
            115.64756937873968,
            113.92636233248835,
            115.40605785036215,
            116.3352840851391,
            113.62064594488555,
            112.10355510045747,
            114.10043265280488,
            111.06688346444001,
            111.25162419576992,
            106.67681365381817,
            109.20731465643743,
            105.44343001560317,
            104.73890784500412,
            131.17408283146554
        ],
        "parameters": {
            "param1": "A",
            "param2": 5
        },
        "acceptance_rate": 0.7841557882726317,
        "worse_solutions_accepted": 80,
        "cooling_efficiency": 0.7192655124195206,
        "temperature_impact": 0.7890763202981825,
        "temperature_history": [
            98.0763109011102,
            97.17714519874987,
            96.49975400072512,
            96.24709602680798,
            96.22417115371462,
            96.18353263898729,
            93.95172743663763,
            90.31698234978583,
            90.11264056046355,
            89.34007239812806,
            89.13330079976343,
            88.15713641259045,
            87.17593237934152,
            85.70581466280859,
            83.89008491779681,
            77.69908547728181,
            77.66142435092732,
            76.24356595276971,
            75.91343848760306,
            74.60163522241457,
            73.03888646222192,
            72.92438026954737,
            70.81833689767272,
            69.8013509974323,
            69.32813584846247,
            68.31983903704315,
            66.60065883681749,
            63.464382170613774,
            60.37470790825427,
            57.93967950519415,
            57.910427706669424,
            57.527544789435964,
            55.87945932388473,
            54.27990834866048,
            54.0195439434269,
            52.66715843550263,
            52.19396826769975,
            51.691487121161686,
            48.20694844901099,
            47.6909528229866,
            47.64195816059649,
            46.88022147877939,
            46.386253363728,
            43.8538211606166,
            43.22745333113798,
            43.10672244597935,
            42.55962443439044,
            42.24771226367894,
            41.158252559365934,
            40.849517434940296,
            39.952803915588156,
            38.335475758628235,
            36.93350525505208,
            32.156037676891685,
            32.04879533353626,
            31.924243925249453,
            30.711164970910232,
            28.049889285356965,
            27.98499733648015,
            26.482158357842444,
            25.836519217181863,
            25.611329064414036,
            24.109071646652655,
            22.238546376647186,
            19.148902002098584,
            17.919366255132854,
            16.565421609446048,
            14.529218677460202,
            13.954592723059221,
            11.710577720182934,
            9.516244792158295,
            8.857690667008555,
            8.550078093443249,
            8.083216629340816,
            7.682333577469948,
            7.137102296209226,
            7.048746934247868,
            4.112146624521355,
            4.003705172028317,
            3.0940068117431045,
            1.995152440977172,
            1.54624735822025,
            0.900689237992711,
            0.7176854983408957
        ]
    },