{
    "algorithm_name": "SimulatedAnnealing",
    "config_name": "SimulatedAnnealing_Enhanced",
    "run_id": "84c5af2c-bcdd-4540-a934-148524b301c5",
    "metrics": {
        "best_fitness": 41.14667503279326,
        "runtime_seconds": 80.35653944481874,
        "iterations": 4409,
        "function_evaluations": 339493,
        "convergence_rate": 0.36643924650256726,
        "solution_stability": 0.7311290592122837,
        "best_fitness_history": [
            56.87144783623253,
            55.11375021999781,
            57.98802755763415,
            57.99185823338768,
            55.87764733047807,
            55.71389968141045,
            55.25248162830415,
            55.10277639869481,
            56.84020743986568,
            56.12758736523704,
            57.07023776693475,
            58.06935800994298,
            56.58403376735083,
            57.41226014761908,
            58.26698662334932,
            57.222496623360335,
            54.677777584482605,
            55.95640140437973,
            54.6697708846299,
            54.72958287339662,
            56.37577759607643,
            56.91769695608799,
            57.3865906696215,
            54.58286528353554,
            57.44219515534934,
            56.06054093505282,
            54.73559835550472,
            54.92884148192359,
            54.342311590918676,
            54.87015418883813,
            56.531075868892806,
            55.19434955330513,
            55.8176739368569,
            55.03950514620709,
            57.26933588625034,
            54.82179913472047,
            57.45119072415102,
            55.460639043863154,
            54.12925533791715,
            57.04109499027754,
            56.37199860800052,
            56.8521601505566,
            55.65644611620152,
            53.86010551156304,
            56.23944315760007,
            56.09166506961831,
            56.77230905484079,
            56.42437383045223,
            53.57635936050662,
            54.42512985336505,
            53.070293048275346,
            55.89731088897931,
            54.80268604560706,
            55.99072174016551,
            53.4845359339821,
            56.12329757913097,
            55.150883355065176,
            56.05675566225001,
            53.566401444289575,
            55.05279558620457,
            53.17246743142401,
            54.24357026636159,
            53.04069620758649,
            51.62890029796446,
            53.733647589314124,
            55.264475224859964,
            52.45896314046306,
            54.71597223993919,
            54.611158891352204,
            53.195239632684526,
            54.88863018191802,
            55.07046922206755,
            54.897725288803606,
            54.25623369724675,
            53.328680673751535,
            54.488438038070655,
            52.95392255671629,
            54.506471793799136,
            51.59743406561239,
            53.05437648177326,
            53.03609159043417,
            52.39562396989468,
            53.38561427173392,
            53.65068298811343,
            52.86353492190239,
            52.49398121294946,
            49.59956297688252,
            52.60124979806414,
            50.760283107607755,
            52.45252435009471,
            52.2181335987296,
            51.899402547179264,
            50.81622304059543,
            51.32724276783714,
            48.70691933791618,
            49.945247633026185,
            49.50999939453234,
            48.73914946812401,
            47.70047968999642,
            47.914823628709094,
            49.731628899960334,
            48.65553499190507,
            49.6943421362548,
            49.46990685941885,
            47.74947324986207,
            48.19991552887948,
            48.4200783212072,
            47.869761897621046,
            47.60268100124126,
            47.47015182681143,
            48.2948161019514,
            47.85477442216549,
            46.27593679534428,
            46.476997580584865,
            45.443324000629914,
            45.12700359880168,
            46.733757725344795,
            46.46555317811198,
            46.97955663543573,
            45.97770444948823,
            44.1350093726268,
            43.73042589729932,
            46.593132338510934,
            45.4655212249279,
            43.085908654479844,
            41.14667503279326
        ],
        "parameters": {
            "param1": "B",
            "param2": 5
        },
        "acceptance_rate": 0.4527003613948368,
        "worse_solutions_accepted": 119,
        "cooling_efficiency": 0.75710409018295,
        "temperature_impact": 0.7344768482671398,