{
    "algorithm_name": "SimulatedAnnealing",
    "config_name": "SimulatedAnnealing_Std",
    "run_id": "ea1fce32-89cf-4664-b518-7f65543bf838",
    "metrics": {
        "best_fitness": 48.965809056658905,
        "runtime_seconds": 49.46461937443067,
        "iterations": 5308,
        "function_evaluations": 212320,
        "convergence_rate": 0.27891673929779043,
        "solution_stability": 1.4483654539173048,
        "best_fitness_history": [
            67.18973036188252,
            66.79543086002388,
            67.31528349507991,
            68.4234377770324,
            68.46579713683138,
            65.3412345928181,
            67.56432436872528,
            68.01838442419907,
            67.89790890620262,
            66.36343711792583,
            66.72783725060619,
            66.54902388667337,
            67.54193166864724,
            66.68275594617059,
            66.49647959054701,
            68.41357989144113,
            64.98858250426854,
            66.5190580910971,
            68.6387552818401,
            67.54556705142583,
            67.07487610435047,
            65.57349017496608,
            67.16445408270614,
            64.79230294741673,
            65.45894686057824,
            67.37489660501541,
            67.30702922003285,
            64.79718831274063,
            64.6750807392106,
            64.79148801886346,
            67.42615023690263,
            67.56185635762549,
            66.29585333683092,
            68.08806530532115,
            66.69508880067418,
            67.88835460806959,
            66.90889188912784,
            67.98631932486894,
            65.14277281432773,
            67.68602915795563,
            65.32124607245116,
            65.97757444616073,
            66.83997427755394,
            65.67679417239077,
            65.32316658267611,
            64.84834336972696,
            67.78970770578368,
            65.17353517136164,
            66.14220070943445,
            67.52928744153857,
            64.667421141408,
            64.60062434464263,
            66.3407498679477,
            64.27146991145608,
            64.25373823281942,
            64.93656822897266,
            64.54203301281315,
            65.74361153552083,
            66.54018269209291,
            64.17761846218741,
            64.00512471207247,
            63.64431483552149,
            64.86520993939943,
            65.10799892703825,
            64.14160311846102,
            63.12865383815673,
            64.62882300119962,
            64.28333994491734,
            62.6960174403088,
            65.30568271371081,
            64.23393271368899,
            65.8013357886416,
            65.34337614975784,
            63.90781310622832,
            64.13060936719474,
            62.077284172680685,
            64.72269220034119,
            61.76858336454549,
            61.344557190794326,
            64.81660702062393,
            60.90529657922458,
            61.45218784043089,
            62.09834819296745,
            61.140718028189156,
            62.93256531329094,
            62.32544665325163,
            62.20690036388846,
            60.92082936659164,
            62.87991757871964,
            60.156756958659194,
            62.549283911275985,
            62.45857084418985,
            63.853255068780335,
            61.53182099975101,
            60.41702248926202,
            60.6102541731802,
            59.39300906211879,
            62.4190872622837,
            61.45173235425152,
            62.40964792299012,
            60.488779590120615,
            62.36325329547381,
            60.85199213207754,
            61.43862958619566,
            60.01009257287336,
            60.19567519512061,
            58.263292586602425,
            58.55536992415513,
            60.93775454608825,
            59.74314194735136,
            59.590684049116916,
            59.38283212003848,
            59.3487171662651,
            60.03697633897524,
            59.07066120867196,
            58.47115806786935,
            57.329181938786526,
            58.70667865798758,
            58.218114222970904,
            58.30266642343194,
            57.426010749183234,
            55.36167896328295,
            56.02352276359699,
            58.275568792696525,
            57.31866966382985,
            58.120649379585856,
            55.42259717558305,
            56.329135346709855,
            54.33832324342745,
            56.42355712887426,
            55.10160002117149,
            53.32900081988182,
            53.50315554075425,
            54.02272759737289,
            55.57753948793062,
            54.3687499910598,
            53.62698655153681,
            53.0075909748997,
            51.58462630433989,
            49.757419478343074,
            49.29455358688354,
            48.93760435041737,
            48.965809056658905
        ],
        "parameters": {
            "param1": "B",
            "param2": 9
        },
        "acceptance_rate": 0.7592582119823065,
        "worse_solutions_accepted": 53,
        "cooling_efficiency": 0.8184487304040948,
        "temperature_impact": 0.19930160908209343,